Provider_Name,Course_Name,Course_Link,Target_Skill
BISC,ACCA Qualification,https://bisconline.edu.vn/chuyen-muc/acca-qualification,Financial Modeling
BISC,Khóa học Cfa,https://bisconline.edu.vn/chuyen-muc/cfa,Financial Modeling
BISC,Khóa học Acca Hoc Thu,https://bisconline.edu.vn/chuyen-muc/acca-hoc-thu,Financial Modeling
BISC,ACCA Online,https://bisconline.edu.vn/chuyen-muc/acca-online,Financial Modeling
BISC,ACCA Offline,https://bisconline.edu.vn/chuyen-muc/acca-offline,Financial Modeling
BISC,CFA Level 1,https://bisconline.edu.vn/chuyen-muc/cfa-level-1,Financial Modeling
BISC,Khóa học Acca Online,https://bisctonline.edubit.vn/chuyen-muc/acca-online,Financial Modeling
BISC,Khóa học Acca Advanced Financial Management,https://bisconline.edu.vn/acca-advanced-financial-management,Financial Modeling
BISC,Khóa học Acca Business And Technology,https://bisconline.edu.vn/acca-business-and-technology,Financial Modeling
BISC,Khóa học Acca Financial Accounting,https://bisconline.edu.vn/acca-financial-accounting,Financial Modeling
BISC,Khóa học Acca Performance Management,https://bisconline.edu.vn/acca-performance-management,Financial Modeling
BISC,Khóa học Acca Taxation,https://bisconline.edu.vn/acca-taxation,Financial Modeling
BISC,Khóa học Acca Financial Management,https://bisconline.edu.vn/acca-financial-management,Financial Modeling
BISC,Khóa học Acca Financial Reporting,https://bisconline.edu.vn/acca-financial-reporting,Financial Modeling
BISC,Khóa học Acca Audit And Assurance,https://bisconline.edu.vn/acca-audit-and-assurance,Financial Modeling
BISC,Khóa học Acca Strategic Business Leader,https://bisconline.edu.vn/acca-strategic-business-leader,Financial Modeling
BISC,Khóa học Acca Advance Audit And Assurance,https://bisconline.edu.vn/acca-advance-audit-and-assurance,Financial Modeling
BISC,Khóa học Acca Strategic Business Reporting,https://bisconline.edu.vn/acca-strategic-business-reporting,Financial Modeling
BISC,Khóa học Acca Advance Performance Management,https://bisconline.edu.vn/acca-advance-performance-management,Financial Modeling
BISC,Khóa học Acca Financial Accounting Offline June 2025,https://bisconline.edu.vn/acca-financial-accounting-offline-june-2025,Financial Modeling
Datapot,Power BI,https://datapot.vn/chuyen-de/khoa-hoc-cong-cu/powerbi/,Data Analysis
Datapot,Python,https://datapot.vn/chuyen-de/khoa-hoc-cong-cu/python/,Python
Datapot,Khóa học Sql,https://datapot.vn/chuyen-de/khoa-hoc-cong-cu/sql/,SQL
Datapot,Power Automate & Power Apps,https://datapot.vn/chuyen-de/khoa-hoc-cong-cu/power-platform/,Data Analysis
Datapot,Microsoft Fabric,https://datapot.vn/chuyen-de/microsoft-fabric/,Data Analysis
Datapot,ISTT – Instructional Skills for Tech Trainer,https://datapot.vn/khoa-hoc/istt-instructional-skills-for-tech-trainer/,Data Analysis
Datapot,Kỹ năng số,https://datapot.vn/chuyen-de/khoa-hoc-cong-cu/cong-cu-khac/,Data Analysis
Datapot,Khóa học Da 100 Analyzing Data With Power Bi,https://datapot.vn/khoa-hoc/da-100-analyzing-data-with-power-bi/,Data Analysis
Datapot,Khóa học Dp 080 Querying Data With Microsoft T Sql,https://datapot.vn/khoa-hoc/dp-080-querying-data-with-microsoft-t-sql/,SQL
Datapot,Khóa học Essential Skills For Data Driven Ba,https://datapot.vn/khoa-hoc/essential-skills-for-data-driven-ba/,Data Analysis
Tomorrow Marketers,Khóa học AI Marketing Sales System,https://www.tomorrowmarketers.org/ai-marketing-sales-system?utm_source=homepage,Digital Marketing
Tomorrow Marketers,Data System for Marketers,https://www.tomorrowmarketers.org/data-system-for-marketers,Data Analysis
Tomorrow Marketers,Digital Marketing Foundation,https://www.tomorrowmarketers.org/digital-marketing-foundation,Digital Marketing
Tomorrow Marketers,Content Marketing,https://www.tomorrowmarketers.org/content-marketing,Content Marketing
Tomorrow Marketers,Brand & Communication Strategy,https://www.tomorrowmarketers.org/brand-strategy,Digital Marketing
UniTrain,Khóa học Financial Modeling & Valuation,https://unitrain.edu.vn/khoa-hoc/financial-modeling-valuation/,Financial Modeling
UniTrain,Khóa học SQL & Power BI for Data Analysis,https://unitrain.edu.vn/khoa-hoc/sql-power-bi-for-data-analysis/,Data Analysis
UniTrain,Thực hành Excel trong Kiểm toán,https://unitrain.edu.vn/khoa-hoc/excel-trong-kiem-toan/,Financial Modeling
UniTrain,Data Analyst Foundation,https://unitrain.edu.vn/khoa-hoc/data-analyst-foundation/,Data Analysis
